{
  "company_name": "Ben\u2019s Lawn Services",
  "tagline": "Lawn care, tree service, landscape, fencing, and tile \u2014 done right.",
  "phone_display": "(386) 631-7498",
  "phone_tel": "+13866317498",
  "email": "Benslawnservices@yahoo.com",
  "city": "Volusia County",
  "state": "FL",
  "brand_hex": "#0b6b2a",
  "hero_image": "assets/img/hero-placeholder.jpg",
  "services": [
    {
      "title": "Lawn Care",
      "desc": "Mowing, edging, trimming, fertilization, and cleanups.",
      "image": "assets/img/service-lawn.jpg"
    },
    {
      "title": "Tree Service",
      "desc": "Trimming, pruning, removal, and storm clean-up.",
      "image": "assets/img/service-tree.jpg"
    },
    {
      "title": "Landscape",
      "desc": "Design refreshes, rock/mulch, plant installs, and bed edging.",
      "image": "assets/img/service-landscape.jpg"
    },
    {
      "title": "Fencing",
      "desc": "Wood, vinyl, and chain-link installation & repair.",
      "image": "assets/img/service-fencing.jpg"
    },
    {
      "title": "Tile",
      "desc": "Outdoor tile and hardscape accents for patios and paths.",
      "image": "assets/img/service-tile.jpg"
    }
  ],
  "about_points": [
    "Text reminders",
    "Secure online payments",
    "Licensed & insured"
  ],
  "gallery": [
    {
      "image": "assets/img/gallery-1.jpg",
      "caption": "Fresh mow + edge"
    },
    {
      "image": "assets/img/gallery-2.jpg",
      "caption": "Landscape refresh"
    },
    {
      "image": "assets/img/gallery-3.jpg",
      "caption": "Tree trimming cleanup"
    }
  ],
  "reviews": [
    {
      "quote": "Ben\u2019s crew was fast, friendly, and professional.",
      "author": "Local homeowner"
    },
    {
      "quote": "Great communication and fair pricing. Highly recommend.",
      "author": "Satisfied client"
    },
    {
      "quote": "Our yard looks amazing every visit.",
      "author": "Repeat customer"
    }
  ]
}